label,kernel,rep,ns_per_call
generic-ooo,load_add_chain,0,7742.027
generic-ooo,load_add_chain,1,7831.871
generic-ooo,load_add_chain,2,8380.859
generic-ooo,load_add_chain,3,8178.387
generic-ooo,load_add_chain,4,7910.969
generic-ooo,load_add_chain,5,8143.879
generic-ooo,load_add_chain,6,7929.852
generic-ooo,load_add_chain,7,8075.031
generic-ooo,load_add_chain,8,7963.707
generic-ooo,load_add_chain,9,8246.746
generic-ooo,load_add_chain,10,7923.664
generic-ooo,fma_chain,0,22879.395
generic-ooo,fma_chain,1,22976.398
generic-ooo,fma_chain,2,23017.090
generic-ooo,fma_chain,3,23134.441
generic-ooo,fma_chain,4,22678.223
generic-ooo,fma_chain,5,23052.410
generic-ooo,fma_chain,6,23375.488
generic-ooo,fma_chain,7,23157.879
generic-ooo,fma_chain,8,22696.617
generic-ooo,fma_chain,9,22839.031
generic-ooo,fma_chain,10,22899.250
generic-ooo,div_mix,0,39712.242
generic-ooo,div_mix,1,40299.152
generic-ooo,div_mix,2,40841.309
generic-ooo,div_mix,3,38675.781
generic-ooo,div_mix,4,37956.379
generic-ooo,div_mix,5,38088.867
generic-ooo,div_mix,6,38150.715
generic-ooo,div_mix,7,37912.762
generic-ooo,div_mix,8,38041.992
generic-ooo,div_mix,9,37945.965
generic-ooo,div_mix,10,37983.727
generic-ooo,sh1add,0,10704.914
generic-ooo,sh1add,1,10626.305
generic-ooo,sh1add,2,10636.719
generic-ooo,sh1add,3,10631.996
generic-ooo,sh1add,4,10771.484
generic-ooo,sh1add,5,10649.574
generic-ooo,sh1add,6,10600.750
generic-ooo,sh1add,7,10643.066
generic-ooo,sh1add,8,10692.871
generic-ooo,sh1add,9,10602.863
generic-ooo,sh1add,10,10636.230
x60,load_add_chain,0,7751.953
x60,load_add_chain,1,8287.109
x60,load_add_chain,2,7743.980
x60,load_add_chain,3,7827.148
x60,load_add_chain,4,7745.934
x60,load_add_chain,5,7807.941
x60,load_add_chain,6,7744.953
x60,load_add_chain,7,7850.586
x60,load_add_chain,8,7740.398
x60,load_add_chain,9,7801.430
x60,load_add_chain,10,7745.281
x60,fma_chain,0,19790.688
x60,fma_chain,1,20272.625
x60,fma_chain,2,20442.059
x60,fma_chain,3,20605.633
x60,fma_chain,4,20376.465
x60,fma_chain,5,20174.152
x60,fma_chain,6,20204.590
x60,fma_chain,7,20316.082
x60,fma_chain,8,20253.094
x60,fma_chain,9,20504.070
x60,fma_chain,10,20545.734
x60,div_mix,0,35372.887
x60,div_mix,1,35375.816
x60,div_mix,2,35374.836
x60,div_mix,3,35572.914
x60,div_mix,4,35360.188
x60,div_mix,5,35404.949
x60,div_mix,6,35346.355
x60,div_mix,7,35363.281
x60,div_mix,8,35380.371
x60,div_mix,9,35333.008
x60,div_mix,10,35360.840
x60,sh1add,0,10492.352
x60,sh1add,1,10557.453
x60,sh1add,2,10484.051
x60,sh1add,3,10445.477
x60,sh1add,4,10486.980
x60,sh1add,5,10483.559
x60,sh1add,6,10451.012
x60,sh1add,7,10487.633
x60,sh1add,8,10480.957
x60,sh1add,9,10452.637
x60,sh1add,10,10476.238
default-tune,load_add_chain,0,7919.434
default-tune,load_add_chain,1,7760.254
default-tune,load_add_chain,2,7829.426
default-tune,load_add_chain,3,7749.184
default-tune,load_add_chain,4,8393.230
default-tune,load_add_chain,5,7747.070
default-tune,load_add_chain,6,7830.242
default-tune,load_add_chain,7,7746.422
default-tune,load_add_chain,8,7810.711
default-tune,load_add_chain,9,7747.398
default-tune,load_add_chain,10,8006.512
default-tune,fma_chain,0,21658.531
default-tune,fma_chain,1,21532.227
default-tune,fma_chain,2,21684.406
default-tune,fma_chain,3,21745.117
default-tune,fma_chain,4,21713.379
default-tune,fma_chain,5,21669.922
default-tune,fma_chain,6,21336.586
default-tune,fma_chain,7,21638.836
default-tune,fma_chain,8,21691.566
default-tune,fma_chain,9,21528.973
default-tune,fma_chain,10,21658.039
default-tune,div_mix,0,37905.762
default-tune,div_mix,1,37992.348
default-tune,div_mix,2,37901.043
default-tune,div_mix,3,37976.887
default-tune,div_mix,4,37920.898
default-tune,div_mix,5,37903.969
default-tune,div_mix,6,37962.891
default-tune,div_mix,7,37933.105
default-tune,div_mix,8,37957.520
default-tune,div_mix,9,37906.738
default-tune,div_mix,10,37991.859
default-tune,sh1add,0,10758.789
default-tune,sh1add,1,10710.449
default-tune,sh1add,2,10640.625
default-tune,sh1add,3,10709.473
default-tune,sh1add,4,10698.078
default-tune,sh1add,5,10647.301
default-tune,sh1add,6,10695.637
default-tune,sh1add,7,10691.570
default-tune,sh1add,8,10639.484
default-tune,sh1add,9,10705.566
default-tune,sh1add,10,10713.219
eessi-14.3,load_add_chain,0,7841.797
eessi-14.3,load_add_chain,1,7753.254
eessi-14.3,load_add_chain,2,9602.539
eessi-14.3,load_add_chain,3,7742.348
eessi-14.3,load_add_chain,4,7825.359
eessi-14.3,load_add_chain,5,7747.395
eessi-14.3,load_add_chain,6,7856.445
eessi-14.3,load_add_chain,7,7743.812
eessi-14.3,load_add_chain,8,7828.289
eessi-14.3,load_add_chain,9,7744.793
eessi-14.3,load_add_chain,10,7819.176
eessi-14.3,fma_chain,0,21931.316
eessi-14.3,fma_chain,1,21962.238
eessi-14.3,fma_chain,2,21866.863
eessi-14.3,fma_chain,3,21980.793
eessi-14.3,fma_chain,4,21855.145
eessi-14.3,fma_chain,5,21990.234
eessi-14.3,fma_chain,6,21802.570
eessi-14.3,fma_chain,7,21942.543
eessi-14.3,fma_chain,8,21854.004
eessi-14.3,fma_chain,9,21811.035
eessi-14.3,fma_chain,10,21787.434
eessi-14.3,div_mix,0,37888.508
eessi-14.3,div_mix,1,37998.699
eessi-14.3,div_mix,2,37893.066
eessi-14.3,div_mix,3,37961.262
eessi-14.3,div_mix,4,37897.297
eessi-14.3,div_mix,5,37944.500
eessi-14.3,div_mix,6,37920.734
eessi-14.3,div_mix,7,37925.129
eessi-14.3,div_mix,8,37944.500
eessi-14.3,div_mix,9,37900.062
eessi-14.3,div_mix,10,38207.031
eessi-14.3,sh1add,0,10559.082
eessi-14.3,sh1add,1,10526.203
eessi-14.3,sh1add,2,10490.562
eessi-14.3,sh1add,3,10511.879
eessi-14.3,sh1add,4,10517.090
eessi-14.3,sh1add,5,10485.676
eessi-14.3,sh1add,6,11071.289
eessi-14.3,sh1add,7,10562.012
eessi-14.3,sh1add,8,10494.301
eessi-14.3,sh1add,9,10512.859
eessi-14.3,sh1add,10,10528.969
generic-ooo,load_add_chain,0,7753.746
generic-ooo,load_add_chain,1,8096.680
generic-ooo,load_add_chain,2,7747.883
generic-ooo,load_add_chain,3,8043.129
generic-ooo,load_add_chain,4,7745.281
generic-ooo,load_add_chain,5,7816.570
generic-ooo,load_add_chain,6,7743.652
generic-ooo,load_add_chain,7,7812.340
generic-ooo,load_add_chain,8,7746.418
generic-ooo,load_add_chain,9,7986.980
generic-ooo,load_add_chain,10,7742.516
generic-ooo,fma_chain,0,21488.770
generic-ooo,fma_chain,1,21767.902
generic-ooo,fma_chain,2,21544.105
generic-ooo,fma_chain,3,21546.387
generic-ooo,fma_chain,4,21595.051
generic-ooo,fma_chain,5,21366.051
generic-ooo,fma_chain,6,21728.680
generic-ooo,fma_chain,7,21434.895
generic-ooo,fma_chain,8,21554.688
generic-ooo,fma_chain,9,21562.664
generic-ooo,fma_chain,10,21912.762
generic-ooo,div_mix,0,37917.809
generic-ooo,div_mix,1,38066.242
generic-ooo,div_mix,2,37954.426
generic-ooo,div_mix,3,37964.191
generic-ooo,div_mix,4,37972.492
generic-ooo,div_mix,5,37973.957
generic-ooo,div_mix,6,38044.434
generic-ooo,div_mix,7,37936.035
generic-ooo,div_mix,8,37913.734
generic-ooo,div_mix,9,37945.477
generic-ooo,div_mix,10,37991.859
generic-ooo,sh1add,0,10695.965
generic-ooo,sh1add,1,10603.676
generic-ooo,sh1add,2,10661.621
generic-ooo,sh1add,3,10659.016
generic-ooo,sh1add,4,10614.094
generic-ooo,sh1add,5,10645.508
generic-ooo,sh1add,6,10648.762
generic-ooo,sh1add,7,10604.980
generic-ooo,sh1add,8,10674.805
generic-ooo,sh1add,9,10631.188
generic-ooo,sh1add,10,10593.262
x60,load_add_chain,0,8135.418
x60,load_add_chain,1,7746.422
x60,load_add_chain,2,7865.398
x60,load_add_chain,3,7750.000
x60,load_add_chain,4,7815.105
x60,load_add_chain,5,7750.160
x60,load_add_chain,6,7806.477
x60,load_add_chain,7,7750.812
x60,load_add_chain,8,7932.617
x60,load_add_chain,9,7750.977
x60,load_add_chain,10,7842.934
x60,fma_chain,0,19864.418
x60,fma_chain,1,20560.871
x60,fma_chain,2,20265.785
x60,fma_chain,3,20436.848
x60,fma_chain,4,20691.246
x60,fma_chain,5,20496.742
x60,fma_chain,6,20508.465
x60,fma_chain,7,20463.051
x60,fma_chain,8,20470.051
x60,fma_chain,9,20255.859
x60,fma_chain,10,20201.984
x60,div_mix,0,35394.531
x60,div_mix,1,35341.961
x60,div_mix,2,35460.125
x60,div_mix,3,35350.098
x60,div_mix,4,35435.223
x60,div_mix,5,35358.398
x60,div_mix,6,35407.715
x60,div_mix,7,35351.234
x60,div_mix,8,35349.609
x60,div_mix,9,35432.293
x60,div_mix,10,35514.484
x60,sh1add,0,10650.879
x60,sh1add,1,10600.746
x60,sh1add,2,10565.105
x60,sh1add,3,10599.770
x60,sh1add,4,10594.562
x60,sh1add,5,10585.777
x60,sh1add,6,10560.547
x60,sh1add,7,10583.656
x60,sh1add,8,10669.434
x60,sh1add,9,10572.594
x60,sh1add,10,10713.703
default-tune,load_add_chain,0,7920.898
default-tune,load_add_chain,1,7751.465
default-tune,load_add_chain,2,7863.605
default-tune,load_add_chain,3,7747.883
default-tune,load_add_chain,4,7837.566
default-tune,load_add_chain,5,7750.328
default-tune,load_add_chain,6,7821.617
default-tune,load_add_chain,7,7747.070
default-tune,load_add_chain,8,7804.852
default-tune,load_add_chain,9,7747.395
default-tune,load_add_chain,10,7813.641
default-tune,fma_chain,0,21557.457
default-tune,fma_chain,1,21579.430
default-tune,fma_chain,2,21520.344
default-tune,fma_chain,3,21492.676
default-tune,fma_chain,4,21238.930
default-tune,fma_chain,5,21461.754
default-tune,fma_chain,6,21429.848
default-tune,fma_chain,7,21345.703
default-tune,fma_chain,8,21490.070
default-tune,fma_chain,9,21263.832
default-tune,fma_chain,10,21559.246
default-tune,div_mix,0,37890.301
default-tune,div_mix,1,37938.641
default-tune,div_mix,2,37891.926
default-tune,div_mix,3,37990.559
default-tune,div_mix,4,37991.535
default-tune,div_mix,5,37898.926
default-tune,div_mix,6,37952.797
default-tune,div_mix,7,38036.133
default-tune,div_mix,8,37976.727
default-tune,div_mix,9,37901.855
default-tune,div_mix,10,37911.457
default-tune,sh1add,0,10456.543
default-tune,sh1add,1,10392.902
default-tune,sh1add,2,10446.125
default-tune,sh1add,3,10520.020
default-tune,sh1add,4,10410.645
default-tune,sh1add,5,10437.828
default-tune,sh1add,6,10425.781
default-tune,sh1add,7,10386.230
default-tune,sh1add,8,10422.691
default-tune,sh1add,9,10585.121
default-tune,sh1add,10,10383.789
eessi-14.3,load_add_chain,0,7911.621
eessi-14.3,load_add_chain,1,7747.559
eessi-14.3,load_add_chain,2,7819.172
eessi-14.3,load_add_chain,3,7746.258
eessi-14.3,load_add_chain,4,8356.281
eessi-14.3,load_add_chain,5,7744.793
eessi-14.3,load_add_chain,6,7805.504
eessi-14.3,load_add_chain,7,7742.352
eessi-14.3,load_add_chain,8,7951.824
eessi-14.3,load_add_chain,9,7742.836
eessi-14.3,load_add_chain,10,7809.082
eessi-14.3,fma_chain,0,22029.137
eessi-14.3,fma_chain,1,21887.207
eessi-14.3,fma_chain,2,22106.770
eessi-14.3,fma_chain,3,21840.984
eessi-14.3,fma_chain,4,21766.926
eessi-14.3,fma_chain,5,21801.758
eessi-14.3,fma_chain,6,21809.898
eessi-14.3,fma_chain,7,21670.898
eessi-14.3,fma_chain,8,21732.910
eessi-14.3,fma_chain,9,21740.234
eessi-14.3,fma_chain,10,21692.871
eessi-14.3,div_mix,0,37962.891
eessi-14.3,div_mix,1,38055.664
eessi-14.3,div_mix,2,37893.879
eessi-14.3,div_mix,3,37960.777
eessi-14.3,div_mix,4,37897.137
eessi-14.3,div_mix,5,38041.340
eessi-14.3,div_mix,6,37904.785
eessi-14.3,div_mix,7,38065.754
eessi-14.3,div_mix,8,37950.359
eessi-14.3,div_mix,9,37917.645
eessi-14.3,div_mix,10,38030.113
eessi-14.3,sh1add,0,10844.566
eessi-14.3,sh1add,1,10758.301
eessi-14.3,sh1add,2,10731.445
eessi-14.3,sh1add,3,10775.227
eessi-14.3,sh1add,4,10738.770
eessi-14.3,sh1add,5,10752.281
eessi-14.3,sh1add,6,10716.957
eessi-14.3,sh1add,7,10748.211
eessi-14.3,sh1add,8,10876.629
eessi-14.3,sh1add,9,10727.375
eessi-14.3,sh1add,10,10785.480
